Residue_PDB,Amino_Acid,Betweenness_Centrality,Is_Bottleneck
200,G,0.5880136861645979,True
143,A,0.5665926546063408,True
164,Y,0.5429876606122375,True
79,V,0.5161795217122266,True
157,L,0.504404324245623,True
150,A,0.5012193790266808,True
128,M,0.4992538128344192,True
171,N,0.49741564445091546,True
166,D,0.49685145415498855,True
186,G,0.49625086448513084,True
104,V,0.48036253776435045,True
123,V,0.4746660357441852,True
95,L,0.4638008226258508,True
88,T,0.4562479525352164,True
206,A,0.42643686528591707,True
220,D,0.42367051286717866,True
215,Y,0.4233429185018018,True
225,G,0.3999017216903869,False
230,E,0.37837149201033743,False
246,I,0.3479780147781458,False
238,F,0.3474684235431151,False
240,A,0.33270847741418846,False
247,Y,0.31951370436428495,False
242,Q,0.3158555672842427,False
249,K,0.3155279729188658,False
255,V,0.2970188912750701,False
250,I,0.295217122265497,False
280,R,0.29448913478688166,False
275,V,0.28129436173697814,False
85,I,0.2727769082371783,False
74,L,0.2623666872929786,False
92,K,0.2588905470825902,False
55,G,0.22383794998726023,False
58,M,0.20654824737014524,False
48,T,0.20332690277727222,False
188,A,0.18439922833327266,False
183,T,0.17957631128744586,False
173,L,0.17764714446911514,False
291,I,0.17426200269355366,False
180,I,0.14215775488661594,False
98,V,0.14011938994649292,False
91,E,0.13010956211553162,False
138,F,0.1214829104939395,False
297,F,0.11500382193426273,False
30,W,0.11449423069923197,False
108,F,0.11423943508171659,False
71,M,0.11356604666399737,False
60,V,0.10943471772285517,False
116,L,0.09866050303934772,False
174,I,0.09229061260146325,False
23,K,0.09201761729698249,False
16,K,0.08653951152040185,False
302,W,0.08235358351836349,False
69,Y,0.08217158664870965,False
158,H,0.08182579259636734,False
22,A,0.08180759290940195,False
179,Y,0.08102500636989043,False
315,I,0.07547410184544825,False
326,N,0.06988679794707531,False
319,K,0.06426309467477159,False
205,L,0.05909438357660248,False
324,T,0.05891238670694864,False
111,K,0.058766789211225565,False
165,R,0.05323408437374877,False
17,E,0.05290649000837185,False
348,T,0.0474465839187566,False
24,E,0.047173588614275834,False
131,H,0.041677283150729806,False
146,Y,0.04158628471590289,False
273,L,0.04140428784624904,False
316,P,0.04140428784624904,False
172,L,0.04140428784624904,False
19,L,0.04140428784624904,False
26,F,0.03583518363484148,False
266,K,0.035816983947876094,False
62,H,0.03579878426091071,False
167,L,0.03576238488697994,False
227,L,0.03559858770429149,False
323,D,0.03559858770429149,False
318,F,0.029865686310195465,False
210,I,0.029829286936264694,False
191,V,0.02975648818840316,False
109,S,0.02975648818840316,False
234,G,0.02975648818840316,False
51,T,0.02398718742037637,False
73,I,0.02398718742037637,False
134,R,0.0239507880464456,False
117,Y,0.0239507880464456,False
196,W,0.0239507880464456,False
286,N,0.023932588359480218,False
226,V,0.023932588359480218,False
181,Q,0.023932588359480218,False
341,E,0.023932588359480218,False
132,L,0.023877989298584062,False
178,G,0.023877989298584062,False
272,L,0.023877989298584062,False
125,G,0.018017690095730354,False
204,Y,0.018017690095730354,False
145,F,0.01799949040876497,False
290,D,0.01799949040876497,False
87,H,0.01799949040876497,False
308,R,0.01799949040876497,False
154,F,0.01799949040876497,False
82,L,0.017963091034834202,False
137,R,0.017963091034834202,False
235,Y,0.017963091034834202,False
310,V,0.017963091034834202,False
265,L,0.017963091034834202,False
61,K,0.017963091034834202,False
219,V,0.017963091034834202,False
309,K,0.017963091034834202,False
29,K,0.012029993084118952,False
224,L,0.012029993084118952,False
271,N,0.012029993084118952,False
148,A,0.012029993084118952,False
43,F,0.012029993084118952,False
190,R,0.012029993084118952,False
25,D,0.012029993084118952,False
229,Y,0.012029993084118952,False
325,S,0.012029993084118952,False
304,A,0.012029993084118952,False
261,F,0.012029993084118952,False
175,D,0.012029993084118952,False
221,W,0.012029993084118952,False
305,I,0.012029993084118952,False
347,F,0.012011793397153568,False
294,H,0.012011793397153568,False
66,G,0.012011793397153568,False
343,C,0.012011793397153568,False
257,F,0.012011793397153568,False
212,S,0.012011793397153568,False
120,M,0.012011793397153568,False
142,H,0.012011793397153568,False
77,Q,0.012011793397153568,False
20,A,0.006024096385542169,False
89,L,0.006024096385542169,False
153,T,0.006024096385542169,False
97,A,0.006024096385542169,False
207,P,0.006024096385542169,False
21,K,0.006024096385542169,False
152,L,0.006024096385542169,False
244,I,0.006024096385542169,False
245,Q,0.006024096385542169,False
243,P,0.006024096385542169,False
112,D,0.006024096385542169,False
42,Q,0.006024096385542169,False
208,E,0.006024096385542169,False
214,G,0.006024096385542169,False
93,R,0.006024096385542169,False
349,E,0.006024096385542169,False
189,K,0.006024096385542169,False
283,N,0.006024096385542169,False
113,N,0.006024096385542169,False
269,L,0.006024096385542169,False
282,G,0.006024096385542169,False
281,F,0.006024096385542169,False
45,R,0.006024096385542169,False
63,K,0.006024096385542169,False
301,D,0.006024096385542169,False
110,F,0.006024096385542169,False
50,G,0.006024096385542169,False
129,F,0.006024096385542169,False
52,G,0.006024096385542169,False
327,F,0.006024096385542169,False
44,D,0.006024096385542169,False
106,L,0.006024096385542169,False
127,E,0.006024096385542169,False
76,K,0.006024096385542169,False
147,A,0.006024096385542169,False
151,V,0.006024096385542169,False
342,K,0.006024096385542169,False
105,K,0.006024096385542169,False
163,I,0.006024096385542169,False
149,Q,0.006024096385542169,False
274,Q,0.006024096385542169,False
270,R,0.006024096385542169,False
156,Y,0.0,False
159,S,0.0,False
288,V,0.0,False
289,N,0.0,False
303,I,0.0,False
306,Y,0.0,False
18,F,0.0,False
100,F,0.0,False
252,S,0.0,False
253,G,0.0,False
276,D,0.0,False
277,L,0.0,False
254,K,0.0,False
278,T,0.0,False
284,L,0.0,False
279,K,0.0,False
86,E,0.0,False
198,L,0.0,False
199,C,0.0,False
103,L,0.0,False
182,V,0.0,False
307,Q,0.0,False
185,F,0.0,False
187,F,0.0,False
121,E,0.0,False
321,P,0.0,False
320,G,0.0,False
344,G,0.0,False
345,K,0.0,False
346,E,0.0,False
101,P,0.0,False
102,F,0.0,False
177,Q,0.0,False
339,I,0.0,False
340,N,0.0,False
201,T,0.0,False
53,S,0.0,False
75,D,0.0,False
78,K,0.0,False
84,Q,0.0,False
54,F,0.0,False
80,V,0.0,False
81,K,0.0,False
83,K,0.0,False
176,Q,0.0,False
317,K,0.0,False
314,F,0.0,False
169,P,0.0,False
133,R,0.0,False
168,K,0.0,False
135,I,0.0,False
136,G,0.0,False
124,A,0.0,False
126,G,0.0,False
170,E,0.0,False
130,S,0.0,False
184,D,0.0,False
231,M,0.0,False
139,S,0.0,False
228,I,0.0,False
232,A,0.0,False
233,A,0.0,False
236,P,0.0,False
46,I,0.0,False
330,Y,0.0,False
47,K,0.0,False
56,R,0.0,False
328,D,0.0,False
329,D,0.0,False
331,E,0.0,False
122,Y,0.0,False
49,L,0.0,False
260,H,0.0,False
144,R,0.0,False
313,P,0.0,False
262,S,0.0,False
140,E,0.0,False
263,S,0.0,False
264,D,0.0,False
296,W,0.0,False
141,P,0.0,False
298,A,0.0,False
299,T,0.0,False
300,T,0.0,False
311,E,0.0,False
312,A,0.0,False
268,L,0.0,False
292,K,0.0,False
295,K,0.0,False
223,A,0.0,False
336,R,0.0,False
337,V,0.0,False
41,D,0.0,False
65,S,0.0,False
67,N,0.0,False
68,H,0.0,False
59,L,0.0,False
70,A,0.0,False
322,G,0.0,False
57,V,0.0,False
332,E,0.0,False
333,E,0.0,False
334,E,0.0,False
64,E,0.0,False
39,Q,0.0,False
115,N,0.0,False
40,L,0.0,False
72,K,0.0,False
114,S,0.0,False
335,I,0.0,False
293,N,0.0,False
222,W,0.0,False
287,G,0.0,False
217,K,0.0,False
218,A,0.0,False
192,K,0.0,False
216,N,0.0,False
193,G,0.0,False
107,E,0.0,False
118,M,0.0,False
36,N,0.0,False
119,V,0.0,False
37,T,0.0,False
38,A,0.0,False
194,R,0.0,False
195,T,0.0,False
202,P,0.0,False
209,I,0.0,False
203,E,0.0,False
213,K,0.0,False
211,L,0.0,False
33,P,0.0,False
96,Q,0.0,False
94,I,0.0,False
34,S,0.0,False
35,Q,0.0,False
90,N,0.0,False
99,N,0.0,False
160,L,0.0,False
161,D,0.0,False
27,L,0.0,False
28,K,0.0,False
162,L,0.0,False
31,E,0.0,False
32,T,0.0,False
239,F,0.0,False
241,D,0.0,False
248,E,0.0,False
237,P,0.0,False
251,V,0.0,False
267,D,0.0,False
256,R,0.0,False
155,E,0.0,False
258,P,0.0,False
259,S,0.0,False
285,K,0.0,False
15,V,0.0,False
