Source_PDB,Target_PDB,Distance,Probability
38,43,2.0745532916091984,0.1256125271320343
61,66,2.208375229430382,0.1098790317773819
199,204,2.2432775208605253,0.10611015558242798
62,69,2.2698632813834534,0.10332630574703217
204,209,2.4370861441394234,0.0874151960015297
205,210,2.488548800075772,0.08303037285804749
19,26,2.5701040721598503,0.07652758061885834
198,204,2.574273936945625,0.07620913535356522
74,79,2.642475142171311,0.07118485867977142
172,167,2.6501057036678626,0.07064374536275864
228,221,2.652393048257602,0.07048234343528748
138,143,2.6768339689484546,0.0687805712223053
297,291,2.7084654187428243,0.0666389912366867
157,164,2.7162083058754756,0.06612500548362732
243,250,2.7174536799953124,0.0660427063703537
126,131,2.7295955482284664,0.06524567306041718
15,22,2.764885481129613,0.06298331171274185
57,52,2.7743200064438036,0.06239188835024834
200,205,2.7754796093814056,0.06231958046555519
152,145,2.7776963916104522,0.062181584537029266
246,253,2.783368056155507,0.061829909682273865
305,300,2.7928392774182687,0.061247069388628006
231,224,2.8211464076361574,0.059537649154663086
157,162,2.8314531149796913,0.05892716348171234
230,235,2.8478857709626193,0.057966746389865875
71,60,2.8686502683383552,0.05677550658583641
151,144,2.877579850050428,0.056270781904459
230,223,2.8880779429484376,0.055683135986328125
146,138,2.9002696448171656,0.055008385330438614
56,51,2.918064754725958,0.054038163274526596
227,234,2.9222693635450017,0.05381143093109131
148,141,2.9252401484572106,0.053651805967092514
220,215,2.9259428648910206,0.053614117205142975
296,291,2.932276207997612,0.05327563360333443
16,23,2.932454462307962,0.05326613783836365
18,25,2.937377347818758,0.05300455912947655
180,174,2.954410678513065,0.052109360694885254
191,196,2.9690303237502387,0.051353082060813904
224,217,2.9906418128690273,0.050255171954631805
155,148,2.99589514160696,0.04999185726046562
152,159,3.0190839527957762,0.04884594306349754
23,30,3.0195832391394606,0.04882156103849411
302,310,3.0269827550233437,0.048461638391017914
22,29,3.0349432056328993,0.04807739332318306
225,218,3.0353113284632913,0.048059698194265366
156,149,3.0487783943690574,0.0474168136715889
76,83,3.0573209845218527,0.047013476490974426
322,327,3.058761869884246,0.046945784240961075
94,87,3.0637493249004843,0.046712227165699005
239,246,3.072159354951326,0.046321023255586624
108,118,3.0762952204499805,0.04612984135746956
60,69,3.0812422318398696,0.04590220004320145
291,284,3.0866537963728877,0.04565446823835373
305,312,3.106718833212512,0.04474753886461258
95,88,3.1106505184319437,0.044571951031684875
232,225,3.1113881265533565,0.044539086520671844
302,309,3.1183781157585146,0.044228844344615936
61,69,3.1219202572324725,0.044072456657886505
230,237,3.122522689937295,0.044045913964509964
121,104,3.123474300376532,0.04400401934981346
92,85,3.129893562048474,0.043722450733184814
149,142,3.1377510269042457,0.0433802492916584
95,106,3.13998825960203,0.04328330606222153
109,116,3.1401225340733667,0.043277494609355927
225,220,3.1460400457118882,0.04302215576171875
189,196,3.147740994270371,0.04294903948903084
305,310,3.1586638645236245,0.042482465505599976
154,147,3.164108428322924,0.042251795530319214
128,135,3.1651689558507896,0.042207010090351105
153,160,3.1739023238044095,0.04184000566601753
20,27,3.174943168496911,0.0417964793741703
204,210,3.1768789681622973,0.04171564802527428
294,286,3.178884557414835,0.041632067412137985
261,268,3.178972073927145,0.04162842407822609
240,245,3.183714320995334,0.0414314791560173
224,219,3.18801102112321,0.041253842413425446
246,240,3.1904795716102123,0.04115213081240654
291,281,3.1907525412732984,0.04114089906215668
234,226,3.198171463560691,0.04083680734038353
147,140,3.198940776360501,0.040805403143167496
244,251,3.20063004667288,0.04073652997612953
79,84,3.2047356254965456,0.04056962579488754
173,180,3.209668100383486,0.04037000983953476
297,290,3.211553468523988,0.040293969213962555
111,116,3.213999708289935,0.0401955209672451
265,257,3.218090398891492,0.04003142938017845
245,252,3.2192092231404255,0.03998666629195213
302,307,3.220011587908614,0.039954595267772675
79,87,3.2211976268604006,0.03990723565220833
117,112,3.225449071797452,0.03973793238401413
17,24,3.233729195805396,0.03941025584936142
150,143,3.238564334407766,0.039220161736011505
298,291,3.241574822011499,0.03910226747393608
266,258,3.2433162615164566,0.03903423249721527
92,108,3.2448684995164796,0.03897368907928467
291,286,3.250140393031237,0.03876876458525658
269,257,3.250821134009736,0.03874238207936287
21,28,3.251485307748907,0.03871665894985199
264,271,3.257719989526172,0.03847602382302284
157,150,3.265060829115071,0.03819461166858673
275,280,3.2659838332793756,0.03815937414765358
205,212,3.2673727250373643,0.03810641169548035
302,297,3.2686679084281502,0.03805708885192871
125,130,3.2791956586856905,0.037658534944057465
261,266,3.282853980960127,0.03752101957798004
303,308,3.283560547018038,0.03749451786279678
132,137,3.290838935546633,0.03722260892391205
291,280,3.292269220192315,0.037169408053159714
242,249,3.29531778468971,0.03705626726150513
262,269,3.3003838688483724,0.03686901181936264
324,316,3.302372416319537,0.03679576888680458
304,309,3.3045444984943515,0.03671593219041824
109,117,3.308414655303929,0.0365741103887558
108,116,3.3095587442775267,0.036532290279865265
62,67,3.3102423978539957,0.03650732338428497
215,208,3.3116765073947634,0.036455005407333374
273,280,3.314176918730765,0.03636396676301956
158,151,3.3155186127015037,0.03631521016359329
308,301,3.32009149360981,0.0361495241522789
63,69,3.322414721089891,0.036065638065338135
96,89,3.3236898465775506,0.03601967915892601
272,280,3.3244272194375566,0.03599312901496887
22,17,3.325490833787275,0.03595486655831337
153,146,3.33222021612244,0.03571372479200363
246,241,3.3329603591354067,0.03568730130791664
26,33,3.338377869693851,0.03549448773264885
266,273,3.3446427439442297,0.03527281433343887
79,88,3.347198371607169,0.035182785242795944
60,68,3.3474941490605676,0.03517238050699234
265,272,3.3521764847313262,0.03500807657837868
123,104,3.3529550873993013,0.03498082980513573
235,229,3.354485102297712,0.03492734953761101
108,119,3.355724172016388,0.034884098917245865
120,104,3.3592121521426823,0.034762635827064514
287,280,3.3611174064115623,0.034696467220783234
227,220,3.3618759268326555,0.034670159220695496
246,238,3.367713253917278,0.03446836769580841
40,45,3.381109098712023,0.03400971367955208
98,92,3.382578289359002,0.03395978361368179
158,164,3.387578036942554,0.03379041701555252
69,59,3.397169510028761,0.033467866480350494
327,318,3.397327359307073,0.033462584018707275
79,85,3.404047546412462,0.03323846310377121
280,271,3.4059940997882863,0.0331738255918026
180,172,3.410221649825614,0.03303387761116028
60,70,3.427443540956096,0.032469842582941055
55,50,3.429610512731425,0.032399557530879974
110,117,3.437625122366201,0.03214092552661896
247,240,3.4379694191399706,0.032129861414432526
323,316,3.444834017604568,0.03191005811095238
302,292,3.44861910683595,0.03178950399160385
74,81,3.4520992568089817,0.03167906403541565
60,72,3.452125833566245,0.0316782221198082
55,74,3.453158522793118,0.0316455252468586
274,280,3.4576094934470225,0.03150498494505882
230,225,3.4641600062764297,0.03129928559064865
221,226,3.471609153761195,0.031066998839378357
146,178,3.471685240499754,0.031064635142683983
196,214,3.4727546646137184,0.031031431630253792
76,85,3.48121823515896,0.03076990321278572
205,211,3.4843397888437795,0.030674003064632416
181,175,3.4907590688314505,0.030477728694677353
225,219,3.4948166446439224,0.030354313552379608
131,138,3.4953760674991314,0.030337337404489517
187,167,3.501597662423738,0.030149176716804504
58,52,3.5061846531599143,0.030011199414730072
74,82,3.517631523493392,0.0296696238219738
288,280,3.5256814746139167,0.029431743547320366
22,16,3.528387865882775,0.02935219742357731
230,238,3.5284419974114245,0.029350608587265015
250,255,3.530025609475889,0.02930416539311409
137,142,3.5364478184406294,0.029116570949554443
203,210,3.5395436043289705,0.029026571661233902
212,207,3.539547775410165,0.029026450589299202
71,58,3.542761271337459,0.028933323919773102
58,51,3.543103172485,0.028923433274030685
182,175,3.5442928818180133,0.028889043256640434
347,342,3.546821917921387,0.02881607413291931
349,343,3.556374387643843,0.02854212000966072
215,206,3.557899490412988,0.02849862352013588
347,341,3.5748258995740554,0.028020303696393967
208,213,3.5750240807027485,0.02801475115120411
274,267,3.5759731153805485,0.02798817679286003
348,341,3.5767113068477205,0.02796752378344536
158,165,3.5785845283355524,0.02791518345475197
80,88,3.578824300587097,0.02790849097073078
229,222,3.5903050274873993,0.027589913457632065
171,166,3.592562332902113,0.02752770483493805
294,282,3.593244351742143,0.027508936822414398
137,143,3.6033787151266017,0.02723155915737152
55,49,3.60731598131526,0.027124552056193352
323,318,3.6094062154442113,0.027067914605140686
183,188,3.629062598032101,0.026541052386164665
326,319,3.629659093468963,0.02652522549033165
244,249,3.637795118188364,0.02631029114127159
20,26,3.641416120531118,0.026215193793177605
89,79,3.643333593971753,0.02616497501730919
282,277,3.643976062897453,0.026148170232772827
293,286,3.6445402547709973,0.026133421808481216
75,85,3.6485778242995135,0.026028119027614594
170,129,3.6522523755332377,0.02593265287578106
289,297,3.6543236897682534,0.025878993794322014
171,164,3.6574776442102617,0.02579750120639801
186,200,3.660826656780454,0.02571124956011772
200,206,3.662039972843116,0.025680072605609894
311,304,3.6641203423963735,0.02562670409679413
25,30,3.6661256614328535,0.025575365871191025
249,254,3.6661344010300017,0.025575142353773117
173,183,3.670340443911434,0.025467798113822937
21,26,3.6749732879766195,0.02535008266568184
165,191,3.683299797472154,0.025139881297945976
123,128,3.6905732722957927,0.02495769038796425
74,54,3.7075036069655782,0.024538705125451088
97,90,3.7084380718857575,0.0245157852768898
98,91,3.708741039592379,0.024508358910679817
280,285,3.7113746504427985,0.02444389835000038
202,207,3.717702073275535,0.024289719760417938
290,283,3.720353347405625,0.024225406348705292
325,318,3.7210782803253166,0.02420785091817379
43,62,3.7232278609250886,0.0241558700799942
200,188,3.7234576734037454,0.024150319397449493
131,136,3.7263765639751374,0.024079930037260056
302,308,3.7436210246162256,0.02366824448108673
349,344,3.7467042840621243,0.023595381528139114
129,134,3.7523998900334004,0.023461373522877693
271,279,3.7547984175223386,0.02340516820549965
127,134,3.7561108002791417,0.023374471813440323
325,317,3.756261101547398,0.023370958864688873
93,87,3.757012787414471,0.023353397846221924
24,19,3.757800957971711,0.02333499863743782
236,229,3.757920378742797,0.02333221212029457
283,278,3.7596255953581847,0.023292459547519684
26,31,3.7618337013990173,0.023241084069013596
233,226,3.762203877223934,0.023232482373714447
95,104,3.764599944679589,0.023176882416009903
247,242,3.7770094283106386,0.022891046479344368
179,174,3.784080280275587,0.02272975817322731
45,58,3.7852523233402757,0.022703133523464203
201,206,3.786499506012223,0.022674836218357086
281,276,3.7895329865117007,0.022606156766414642
37,42,3.8000220388596766,0.02237027883529663
93,86,3.8030346608769445,0.022302987053990364
261,256,3.804044873383206,0.022280467674136162
249,255,3.8105176837457004,0.022136716172099113
158,163,3.8138135129892947,0.022063877433538437
128,143,3.8210037370536174,0.021905802190303802
173,181,3.821273572891231,0.021899892017245293
348,343,3.8385792026966903,0.021524161100387573
139,145,3.856282610629122,0.021146463230252266
190,185,3.8583361721670584,0.021103082224726677
178,145,3.860961235761425,0.02104775793850422
186,166,3.8617791859481914,0.021030548959970474
60,65,3.8780424161499925,0.020691290497779846
190,165,3.8818922622987895,0.020611785352230072
98,103,3.88342245846244,0.020580269396305084
280,270,3.88959344832084,0.02045365981757641
99,106,3.895739255658332,0.02032834105193615
48,55,3.8997590728499647,0.02024678885936737
74,52,3.9035685584283057,0.020169805735349655
148,143,3.9161473149179473,0.0199176836758852
154,167,3.917475204629666,0.019891252741217613
25,32,3.934007443804393,0.01956510916352272
169,143,3.934551387765676,0.019554469734430313
58,47,3.935149381816514,0.01954277977347374
324,319,3.952547555544655,0.019205711781978607
74,53,3.9550966294849363,0.019156817346811295
58,46,3.960359005258886,0.019056271761655807
221,216,3.967967471154132,0.018911832943558693
73,78,3.9698656170150675,0.0188759695738554
299,304,3.9754792549830937,0.018770303577184677
120,105,3.9946297688658112,0.018414262682199478
324,330,4.018106635316046,0.01798698864877224
263,270,4.038240256833904,0.017628466710448265
154,161,4.0473853994659335,0.017467986792325974
125,131,4.0497387607199435,0.017426926642656326
100,105,4.054691036216738,0.01734083704650402
73,58,4.064107841156297,0.017178308218717575
97,91,4.083071266172679,0.016855617985129356
42,62,4.090689424132628,0.016727697104215622
184,167,4.0920432543244365,0.016705065965652466
92,107,4.0937002052360585,0.016677409410476685
181,176,4.0968089179056815,0.016625644639134407
122,127,4.103749169261702,0.016510657966136932
266,259,4.109259868453495,0.016419922932982445
128,134,4.109451029951905,0.01641678437590599
243,248,4.172336235904654,0.015416202135384083
306,301,4.178712825176355,0.01531821209937334
250,275,4.185576754562424,0.015213428996503353
110,115,4.192754759167281,0.015104617923498154
295,290,4.19572257206622,0.015059856697916985
341,346,4.241515685476414,0.014385771006345749
128,133,4.251320824727579,0.014245405793190002
325,320,4.263807679444972,0.014068631455302238
173,168,4.304179410270925,0.013511968776583672
324,329,4.31030620285814,0.013429436832666397
337,342,4.321826600249697,0.013275612145662308
39,44,4.333946403731279,0.013115685433149338
82,77,4.345584525786875,0.012963928282260895
44,66,4.362031936416458,0.01275244913995266
190,195,4.3819896655763255,0.012500462122261524
326,315,4.382739670968397,0.012491090223193169
29,34,4.406205762170972,0.012201385572552681
29,35,4.472359849437329,0.01142033375799656
260,266,4.512317402174999,0.010973001830279827
63,41,4.553558917852063,0.010529663413763046
113,77,4.766154543057392,0.008513053879141808
189,194,4.77171168898526,0.008465876802802086
43,64,4.77274344535513,0.00845714658498764
123,102,4.805265574060081,0.008186526596546173
124,104,4.902357501267585,0.007429048418998718
114,79,5.239945432604445,0.0053005460649728775
163,192,5.602321434099505,0.0036892893258482218
193,214,5.84154905418649,0.002904340159147978
101,175,6.003397837554672,0.0024703440722078085
131,314,6.134080698378419,0.0021677170880138874
125,177,6.263401329208733,0.0019047560635954142
30,91,6.404246986719943,0.0016545156249776483
111,36,6.424327169401971,0.0016216239891946316
111,348,7.010844672184174,0.0009020463330671191
327,131,7.113817919808586,0.0008137820987030864
73,335,7.586452836135856,0.0005072772619314492
331,51,7.654478119311949,0.00047391711268574
328,50,7.688315957812566,0.00045814906479790807
332,51,7.695458470096055,0.00045488838804885745
174,313,7.706852486334345,0.0004497347981669009
125,321,7.725049416485063,0.000441625015810132
73,334,7.725824720712124,0.00044128275476396084
333,51,7.838948181985248,0.0003940833266824484
73,336,7.842042413693904,0.00039286582614295185
85,345,7.843731178149739,0.0003922029281966388
112,339,7.995065996304722,0.0003371218917891383
113,340,8.206475156862036,0.0002728808904066682
