Layer,Head,Impact,SNR,P_val
0,7,0.0,-0.5738881243946006,1.0
0,14,0.0,-0.6847691361032218,1.0
0,19,0.14330184275497632,3.3917021807525423,0.0
1,0,0.0,-0.2723845047605393,1.0
1,1,0.02407873001355328,0.2665293088378129,6.262644672544898e-17
1,2,0.0,-0.22471079715819442,0.9999999999988369
1,3,0.02272561129736342,-0.4761723275211755,1.0
1,7,0.024250596081048875,0.44645149938570394,1.1499594755730122e-41
1,8,0.024189022281856345,0.33800210639823186,1.3333137484689538e-25
1,10,0.02485350490728021,0.8177402425277946,1.6638665071241852e-113
1,15,0.020199442742480228,-1.2549799714882266,1.0
1,16,0.024218620333546912,0.39106493896261635,4.634199904143616e-33
1,19,0.0,-0.684894157572929,1.0
2,1,0.02594285098847127,0.14261202926729316,3.667251553009878e-06
2,2,0.016931354073120183,-0.4678250386908206,1.0
2,4,0.024040919341600533,0.3314910612810397,9.609766607657901e-25
2,5,0.02500080036002438,0.5984117125081866,9.781794681792978e-69
2,6,0.0,-0.9959702253323764,1.0
2,7,0.0,-0.6969592872177558,1.0
2,8,0.053503054974833736,1.6518680700624542,4.759631480114502e-288
2,9,0.0,-0.15343224377184825,0.9999992827123847
2,11,0.0,-0.3203150448564817,1.0
2,14,0.015052065521867919,-1.4039506581156893,1.0
2,16,0.0,-0.17281816283231746,0.9999999703279503
2,17,0.02364249057512436,-0.36566388005022543,1.0
2,18,0.02437440415691508,0.890993392001747,3.2284979328820874e-129
2,19,0.0,-0.24828115596061762,0.9999999999999946
3,0,0.028313030753347828,0.19056739142833307,1.1999262056643372e-09
3,1,0.0,-0.2942040848672922,1.0
3,5,0.04821614656820452,1.2371532794793356,6.3711327146093356e-204
3,6,0.035893341129539444,0.385152716272352,3.442224079394509e-32
3,7,0.023948720420792727,0.00826033534264971,0.397040732481934
3,8,0.0,-0.27003210515109455,1.0
3,9,0.0,-0.21647155579830088,0.9999999999932017
3,10,0.02222918249904271,-0.37959758897824625,1.0
3,11,0.023110219183851,-0.7292606275328155,1.0
3,12,0.15551459842964574,1.50815083821361,7.307633090875019e-260
3,13,0.0,-0.14998295745037957,0.9999987794522289
3,14,0.0,-0.679378523642938,1.0
3,15,0.02458772555139689,0.6556546299187136,6.1431352540078975e-80
3,16,0.0,-0.4206547943976092,1.0
3,18,0.0,-0.9744020959657369,1.0
3,19,0.02129820780010307,-1.2620642361059378,1.0
4,0,0.0,-1.0251990657861525,1.0
4,1,0.11461540513476597,1.4537511287767282,6.525755312834311e-249
4,2,0.023015273399151468,-0.5604018758816403,1.0
4,4,0.0,-0.23988096608535808,0.9999999999999611
4,5,0.0,-0.6889656653437629,1.0
4,6,0.023187167032255467,-0.5554006349999938,1.0
4,9,0.0,-0.13150664608837076,0.9999824587776579
4,11,0.0,-0.34003864799843503,1.0
4,12,0.0,-0.6391074237826125,1.0
4,13,0.0,-0.33921857466071104,1.0
4,16,0.0598740668904283,1.0700841221131228,4.796411469932573e-168
4,17,0.0,-0.5191633808196251,1.0
4,19,0.031744204852326485,0.8711644846098756,6.048112106509864e-125
5,0,0.0,-0.27627267624026847,1.0
5,1,0.0,-0.325143233999927,1.0
5,2,0.0,-0.2398706173236539,0.999999999999961
5,4,0.0,-0.2792902164356707,1.0
5,6,0.08247304257103338,1.764831424074894,2.009626033321015e-309
5,7,0.0,-0.15983955745583556,0.9999997402401075
5,8,0.0,-0.8524257056420687,1.0
5,9,0.0,-0.3335922411719624,1.0
5,12,0.0,-0.34231266051922665,1.0
5,13,0.0,-0.14285714285714288,0.9999964617093752
5,16,0.011132132084577317,-1.2811289315653525,1.0
5,18,0.0,-0.17281816283231746,0.9999999703279503
6,1,0.0,-0.5599520536853047,1.0
6,2,0.0,-0.20126357845515766,0.999999999847991
6,4,0.0,-0.46841907734607885,1.0
6,5,0.0,-0.1545695333439805,0.9999993994361555
6,6,0.0,-0.180407958421329,0.9999999922140006
6,8,0.0,-0.19836202051651342,0.9999999997311362
6,9,0.0,-0.1715384065245039,0.9999999630051208
6,11,0.0,-0.19002599359027914,0.9999999986713105
6,12,0.0,-0.4137107416117246,1.0
6,13,0.0,-0.16389722537398668,0.9999998660378314
6,14,0.0,-0.1315066460883708,0.9999824587776579
6,15,0.0,-0.18881801039530577,0.9999999983335304
6,17,0.0,-0.16338312389759838,0.9999998541951497
6,18,0.0,-0.22201573222481147,0.9999999999979147
6,19,0.0,-0.1633831238975984,0.9999998541951497
7,1,0.0,-0.2200680410524274,0.9999999999968322
7,2,0.0,-0.23354778082062916,0.9999999999998357
7,3,0.0,-0.2429813172142076,0.9999999999999811
7,4,0.0,-0.17281816283231746,0.9999999703279503
7,7,0.0,-0.251773176727613,0.9999999999999977
7,8,0.0,-0.2200458971961246,0.9999999999968172
7,11,0.0,-0.49118661882286224,1.0
7,12,0.0,-0.17886236067447916,0.9999999897334336
7,14,0.0,-0.22412948602187507,0.9999999999986802
7,15,0.0,-0.18752365123209805,0.9999999978787524
7,16,0.0,-0.21212350013219083,0.9999999999831347
7,17,0.0,-0.17586311452816475,0.9999999825460378
7,19,0.0,-0.1788623606744792,0.9999999897334336
8,0,0.0,-0.23798033206501648,0.9999999999999399
8,1,0.0,-0.2387939107643631,0.9999999999999502
8,2,0.0,-0.4313084062393222,1.0
8,3,0.0,-0.13150664608837076,0.9999824587776579
8,4,0.0,-0.1902650613361553,0.9999999987297503
8,5,0.022505189481293205,-0.7597838227288708,1.0
8,6,0.0,-0.2342001222447736,0.9999999999998582
8,7,0.0,-0.14998295745037957,0.9999987794522289
8,8,0.0,-0.6826126985714125,1.0
8,9,0.0,-0.36572030342846346,1.0
8,11,0.0,-0.12751534261266764,0.9999700403692003
8,12,0.0,-0.18473268089846429,0.9999999964486875
8,13,0.0,-0.2074228618564834,0.999999999955772
8,14,0.0,-0.22598035025190322,0.9999999999991185
8,16,0.0,-0.32322600259651807,1.0
8,17,0.0,-0.2736495619453939,1.0
8,18,0.0,-0.13538810472195728,0.9999897202005871
9,0,0.0,-0.2388454404140523,0.9999999999999507
9,1,0.0,-0.20289201988764283,0.9999999998899752
9,2,0.01760768263710907,-0.21179951713409645,0.9999999999819651
9,3,0.0,-0.33325715598910116,1.0
9,4,0.015674369725549454,-1.4230385282334546,1.0
9,5,0.0,-0.44762187485651345,1.0
9,6,0.016651063242012824,-0.4637309160981835,1.0
9,8,0.0,-0.17281816283231746,0.9999999703279503
9,10,0.0,-0.25894621654625277,0.9999999999999996
9,11,0.0,-0.23763600491754833,0.999999999999935
9,12,0.0,-0.16237052477324898,0.9999998278385304
9,14,0.0,-0.2234969317158746,0.999999999998486
9,15,0.0,-0.2374186297637585,0.9999999999999317
9,16,0.0,-0.1697250257391052,0.9999999495570391
9,17,0.0,-0.15343224377184825,0.9999992827123847
9,18,0.0,-0.16012815380508713,0.9999997520704664
9,19,0.0,-0.34477358149667514,1.0
10,0,0.0,-0.3274301221850063,1.0
10,1,0.0,-0.18760780199821225,0.9999999979116769
10,2,0.0,-0.2427535206658619,0.99999999999998
10,3,0.019975399312301148,-1.1213592958267637,1.0
10,4,0.0,-0.36223480322773194,1.0
10,5,0.02315507503033664,-0.39919340411404797,1.0
10,6,0.0,-0.2514136650055685,0.9999999999999974
10,8,0.0,-0.6266974154275932,1.0
10,9,0.0,-0.2077096386495161,0.9999999999582758
10,10,0.0,-0.3180261406763215,1.0
10,11,0.0,-0.26815979444706556,1.0
10,12,0.0,-0.26277487947124806,0.9999999999999999
10,13,0.0,-0.20267018118931562,0.9999999998850068
10,14,0.0,-0.19118883054459299,0.9999999989329027
10,15,0.0,-0.3544097714138949,1.0
10,16,0.0,-0.24063005832839926,0.9999999999999674
10,17,0.023005275133043675,-0.395826762618336,1.0
10,18,0.0,-0.22465628569229681,0.999999999998823
10,19,0.01959184760008848,-0.26395700402809763,0.9999999999999999
11,0,0.012221233650997415,-0.41915933068889555,1.0
11,1,0.0,-0.19269312595081417,0.9999999991978324
11,3,0.02259507152952278,-0.03407022399504842,0.8590977680963736
11,4,0.0,-0.16622322073674003,0.9999999089553896
11,5,0.0,-0.3454359601873018,1.0
11,6,0.0,-0.24817699481736508,0.9999999999999944
11,7,0.0,-0.27511886028157245,1.0
11,8,0.0,-0.14308428922555447,0.9999965773305017
11,9,0.032579448966725606,0.511106099841888,1.2433851061283875e-52
11,11,0.0,-0.22436957948133154,0.9999999999987473
11,12,0.0,-0.5635708722794243,1.0
11,13,0.0,-0.8014599563303842,1.0
11,14,0.0,-0.29547883851844475,1.0
11,15,0.0,-0.16658099888065903,0.9999999142430385
11,16,0.0,-0.1442838007590208,0.999997130300359
11,17,0.0,-0.2208262530475373,0.999999999997307
11,19,0.0,-0.1874886506772766,0.9999999978649097
12,0,0.022378165132423883,-1.0543831089005828,1.0
12,1,0.0,-0.29336377892604565,1.0
12,2,0.0,-0.22623428687707708,0.9999999999991661
12,3,0.0,-0.4109475650555783,1.0
12,4,0.0,-0.1633831238975984,0.9999998541951497
12,5,0.023967267875648967,0.004890242588714474,0.43859746321701215
12,7,0.0,-0.156812512046795,0.9999995783418992
12,8,0.0,-0.22411817695222544,0.999999999998677
12,9,0.0,-0.39464900838988864,1.0
12,10,0.0,-0.46761294994688507,1.0
12,11,0.007404869796903484,-0.6229179987977893,1.0
12,12,0.025678869653076697,0.76186094540429,1.0696789499613058e-101
12,13,0.0,-0.30039148635388807,1.0
12,14,0.0,-0.17198249390839174,0.99999996572547
12,15,0.0,-0.3681356703429926,1.0
12,16,0.0,-0.22723726382121515,0.9999999999993309
12,17,0.0,-0.25120896938458476,0.9999999999999973
12,18,0.02169863736904043,-1.1128919747971073,1.0
12,19,0.0,-0.22197826853206676,0.9999999999978978
13,0,0.019720248432352868,-0.6596888344030313,1.0
13,1,0.0,-0.4260184256266941,1.0
13,2,0.0,-0.5397799635401878,1.0
13,3,0.0,-0.3722709536144447,1.0
13,4,0.03215938071981499,0.1989449588617879,2.398994607604179e-10
13,5,0.024636892115194653,0.4058136327865403,2.832165174389418e-35
13,6,0.0,-0.24941695812752745,0.9999999999999959
13,7,0.0,-0.156812512046795,0.9999995783418992
13,9,0.024152240433213266,0.1597978362854192,2.6151463104432786e-07
13,10,0.0,-0.28280649525061974,1.0
13,11,0.022760371937318155,-0.6492539130636528,1.0
13,12,0.0,-0.14285714285714288,0.9999964617093752
13,13,0.0,-0.2067575475108661,0.999999999949383
13,14,0.0,-0.3284304069526795,1.0
13,15,0.0,-0.35170812352489034,1.0
13,16,0.0,-0.18175324918060087,0.9999999938902004
13,17,0.1197777157087434,1.6063047960636148,3.121562141258103e-279
13,18,0.0,-0.2633406813404166,0.9999999999999999
13,19,0.0,-0.16160890868019276,0.9999998050371316
14,0,0.0,-0.2121224174149659,0.9999999999831309
14,1,0.0,-0.24221675802541864,0.9999999999999774
14,2,0.0,-0.30949837686501913,1.0
14,3,0.0,-0.1732693228543823,0.9999999725573118
14,5,0.024243971588975653,0.13578608696586583,9.724225385228144e-06
14,6,0.024795515369407023,0.303290914685178,3.502427314665886e-21
14,7,0.0,-0.18014545695820997,0.9999999918383471
14,9,0.0,-0.26588642393543727,0.9999999999999999
14,10,0.0,-0.1633831238975984,0.9999998541951497
14,12,0.0,-0.3241308459436124,1.0
14,13,0.0,-0.28349128667002244,1.0
14,14,0.03226845175067519,0.38535596715274395,3.2141085051448227e-32
14,15,0.02026372665579464,-0.4589042347518235,1.0
14,16,0.0,-0.226495719004293,0.9999999999992126
14,17,0.0,-0.1904453466268301,0.999999998772155
14,19,0.0,-0.31242221686844623,1.0
15,2,0.0,-0.19878442781974456,0.9999999997524435
15,3,0.0,-0.5086929604242748,1.0
15,4,0.0,-0.2233074281222795,0.9999999999984225
15,6,0.0,-0.3809178959840682,1.0
15,7,0.0,-0.30116520206167763,1.0
15,8,0.0,-0.14998295745037957,0.9999987794522289
15,9,0.024714312204010273,0.19712590165460936,3.4204335298915923e-10
15,10,0.01412682745503356,-0.9587262329261055,1.0
15,11,0.0,-0.22649457578099558,0.9999999999992124
15,12,0.0,-0.41685388425385517,1.0
15,13,0.0,-0.5525561503152071,1.0
15,14,0.0,-0.5378368835300006,1.0
15,15,0.0,-0.16658099888065903,0.9999999142430385
15,16,0.0,-0.3296477993849596,1.0
15,17,0.0,-0.156812512046795,0.9999995783418992
15,18,0.0,-0.3095209185035193,1.0
16,0,0.0,-0.5961297672816647,1.0
16,1,0.0,-0.47674107987098985,1.0
16,2,0.0,-0.18606419586148074,0.9999999972203573
16,3,0.019063001280694887,-0.14858314671199843,0.9999984901907479
16,4,0.0,-0.3073418710190642,1.0
16,5,0.0,-0.20734884923944988,0.9999999999551022
16,6,0.0,-0.4038329693146743,1.0
16,7,0.0,-0.17586311452816475,0.9999999825460378
16,8,0.0,-0.4166715429401841,1.0
16,9,0.0,-0.38348167677379874,1.0
16,10,0.0,-0.378796992276829,1.0
16,11,0.0,-0.14285714285714288,0.9999964617093752
16,12,0.009841442694507097,-0.770744065954517,1.0
16,13,0.0,-0.13538810472195728,0.9999897202005871
16,14,0.0,-0.17525441451490312,0.9999999805800883
16,15,0.0,-0.5741875230334751,1.0
16,17,0.0,-0.20972524242275983,0.9999999999723534
16,18,0.0,-0.26535885680248744,0.9999999999999999
16,19,0.0,-0.16935330677524796,0.9999999462662029
17,0,0.024372297401054337,0.040484220723888784,0.10049442723449066
17,1,0.0,-0.342709816653123,1.0
17,2,0.0,-0.20019231787889133,0.999999999812209
17,4,0.0,-0.42891185710539237,1.0
17,5,0.0,-0.16351391214927977,0.9999998573005565
17,6,0.0,-0.23656651803270448,0.9999999999999171
17,7,0.0,-0.40987851205092796,1.0
17,8,0.0,-0.3074807242272808,1.0
17,9,0.0,-0.1555203611091505,0.9999994827679877
17,10,0.0,-0.45748391895477764,1.0
17,11,0.0,-0.28090265097122347,1.0
17,14,0.0,-0.2155710128858756,0.9999999999917831
17,15,0.0,-0.23174953722170244,0.9999999999997541
17,16,0.018207919473831474,-0.27476683330799434,1.0
17,17,0.0,-0.191491696636674,0.9999999989923269
17,19,0.00689863020746049,-1.159903128094604,1.0
18,1,0.0,-0.21133781391550244,0.9999999999801598
18,2,0.0,-0.24233273788799178,0.999999999999978
18,3,0.0,-0.4913827006634018,1.0
18,4,0.0,-0.5077376022749014,1.0
18,5,0.018152242542137875,-0.3893871338003283,1.0
18,6,0.023374140310980385,-0.23991017588595334,0.9999999999999615
18,7,0.0,-0.2362819463220892,0.9999999999999115
18,8,0.005763202189949675,-1.519351685007135,1.0
18,9,0.0,-0.3458506378511574,1.0
18,10,0.0,-0.15813062782866905,0.9999996581901266
18,11,0.0,-0.3400206752859822,1.0
18,12,0.0,-0.4945676917053503,1.0
18,13,0.0,-0.22712355513991522,0.999999999999314
18,14,0.0,-0.2649954471553294,0.9999999999999999
18,15,0.0,-0.22338989060023437,0.9999999999984505
18,16,0.0,-0.25916150219631545,0.9999999999999996
18,18,0.0,-0.48209324815077464,1.0
18,19,0.0,-0.23903357103052217,0.9999999999999528
19,0,0.027379502820502024,0.48101312844239785,2.0533916174210275e-47
19,1,0.0,-0.16012815380508713,0.9999997520704664
19,2,0.0,-0.25768648132059585,0.9999999999999994
19,3,0.005409668717197049,-1.127895833758153,1.0
19,4,0.01794697473683886,-0.49129547943101837,1.0
19,5,0.0,-0.33742483250329747,1.0
19,6,0.0,-0.14998295745037957,0.9999987794522289
19,7,0.0,-0.18473268089846429,0.9999999964486875
19,8,0.0,-0.19539875755954364,0.9999999995222542
19,9,0.0,-0.1633831238975984,0.9999998541951497
19,10,0.0,-0.3520306410025543,1.0
19,12,0.0,-0.13150664608837076,0.9999824587776579
19,13,0.0,-0.22299853387591248,0.9999999999983135
19,14,0.028079723076904987,1.1261823742704455,3.5957496847276533e-180
19,15,0.0,-0.41977469211794605,1.0
19,17,0.023634767951440795,-0.06891046888608625,0.9851822183581818
19,18,0.0,-0.19218001850788063,0.9999999991156256
19,19,0.0,-0.293162437382184,1.0
20,0,0.0,-0.6115254149114268,1.0
20,1,0.01933481630025919,-0.11800825916143634,0.9998988252229616
20,2,0.0,-0.3665497940592628,1.0
20,3,0.00317359545466762,-1.6638637696745242,1.0
20,4,0.0,-1.0959535537193836,1.0
20,5,0.0,-0.8014444896668566,1.0
20,6,0.0,-0.209667945404656,0.9999999999720267
20,7,0.0,-0.4583015670504536,1.0
20,8,0.0,-0.27894791783888817,1.0
20,9,0.0,-0.3704386656274079,1.0
20,10,0.019352577759360213,-0.963120079824375,1.0
20,11,0.0,-0.17048952371090415,0.9999999557223679
20,12,0.018494100551117634,-0.11587268303572203,0.9998685048933045
20,13,0.015779799440233885,-1.0973875488797766,1.0
20,15,0.024572149192633383,0.1435934091352827,3.1765225621295887e-06
20,16,0.0,-0.6835225075134859,1.0
20,17,0.0,-0.28266153564377955,1.0
20,18,0.0,-0.46499555336428516,1.0
20,19,0.017649423124219486,-0.5490212522493438,1.0
21,0,0.007934374985354715,-0.7349554946525688,1.0
21,1,0.0,-0.1646349804481485,0.9999998814207
21,2,0.0,-0.5754842945599405,1.0
21,3,0.0,-0.3372015822887889,1.0
21,4,0.0,-0.8842645889221861,1.0
21,5,0.0,-0.35327719453573636,1.0
21,6,0.0,-0.6532402896605916,1.0
21,7,0.0,-0.16223224681917844,0.9999998238998593
21,8,0.0,-0.2630867251225703,0.9999999999999999
21,9,0.0,-0.9404119309409995,1.0
21,10,0.0,-0.27421418035566403,1.0
21,11,0.0,-0.5609040538760058,1.0
21,13,0.010038666289580936,-1.0148126352618387,1.0
21,15,0.014165143318377418,-0.5023549498921743,1.0
21,16,0.0,-0.3757413299521835,1.0
21,17,0.0,-0.3450047902413355,1.0
21,18,0.0,-0.3762056867059337,1.0
21,19,0.010019230917093846,-0.1913763325967103,0.9999999989700826
22,0,0.011397645663413128,-0.5884293347270672,1.0
22,1,0.0,-0.341854848803197,1.0
22,2,0.0,-0.2018421883505515,0.9999999998644485
22,3,0.010918642326573628,-0.9177561561793993,1.0
22,4,0.03017815503142515,0.28317553207123863,8.461738455220268e-19
22,5,0.0,-0.36527161338552433,1.0
22,6,0.0,-0.6553217530334121,1.0
22,7,0.0,-0.28738451236877965,1.0
22,8,0.007199904605961735,-0.9643436809522147,1.0
22,9,0.0,-0.5641230535815115,1.0
22,10,0.01009626172701621,-0.3442623307778492,1.0
22,11,0.0,-0.46065154347944154,1.0
22,12,0.0,-0.48096428120687656,1.0
22,13,0.0,-0.2208942595837885,0.999999999997346
22,14,0.0,-0.32715108581248314,1.0
22,15,0.00652582294266577,-0.5291739981072736,1.0
22,16,0.02169717764270118,-0.25356354702400774,0.9999999999999984
22,17,0.0,-0.18835138451436426,0.9999999981817665
22,18,0.0,-0.5867434194518384,1.0
22,19,0.014829858744065826,-0.3945107198292057,1.0
23,0,0.01797201841888796,-0.3907388240475452,1.0
23,1,0.0,-0.15343224377184825,0.9999992827123847
23,2,0.0,-0.30901181650912773,1.0
23,3,0.013609905238855823,-0.8011858858735725,1.0
23,4,0.022317853626822585,-0.06472764695979098,0.9794834322897275
23,5,0.0,-0.38945130680826795,1.0
23,7,0.14728375536576893,1.9283048756686088,0.0
23,8,0.005191918104184611,-0.6701113934579909,1.0
23,9,0.0,-0.2784794413306323,1.0
23,10,0.028388997720842718,0.5207046852922725,2.4630467037576018e-54
23,11,0.01601010982900548,-0.31291423924694706,1.0
23,12,0.0,-0.4368358697305911,1.0
23,13,0.0,-0.4242842339233959,1.0
23,14,0.0,-0.4443729157079593,1.0
23,15,0.0,-0.2161893953952687,0.9999999999927852
23,17,0.008811850280267618,-0.22109273939552873,0.9999999999974567
23,18,0.0,-0.647386168092191,1.0
23,19,0.07604304259151777,0.8286521411020311,7.847114510248482e-116
24,0,0.0,-0.5918352503163957,1.0
24,1,0.04175099270555993,0.8163230080388595,3.33300997589965e-113
24,2,0.0,-0.15884901968698953,0.999999695344799
24,3,0.043560342373165827,0.4636141813602873,1.739173847961621e-44
24,4,0.03888352051690762,0.3402588621672135,6.677136975275623e-26
24,5,0.0,-0.3485824194166894,1.0
24,6,0.006101693965558636,-1.9287043813401867,1.0
24,7,0.021911331168952334,-0.2640938453214821,0.9999999999999999
24,8,0.0,-0.6485725194767306,1.0
24,9,0.10759941579039452,3.1401936660594356,0.0
24,10,0.0,-0.39743561297823654,1.0
24,11,0.0,-0.4666661934716823,1.0
24,12,0.006568064606720254,-1.093419463923782,1.0
24,13,0.0,-0.5052747256377335,1.0
24,14,0.0,-0.42907920979697184,1.0
24,15,0.0,-0.40813735280640523,1.0
24,16,0.031357497029461785,0.15773622189383738,3.640297678578731e-07
24,17,0.03894085645582141,0.37901484957136516,2.6958226821697983e-31
24,18,0.0,-0.2406691812052636,0.9999999999999676
24,19,0.0,-0.44608108632957194,1.0
25,0,0.0,-0.5517061821008276,1.0
25,1,0.14912726251255712,1.49687839419968,1.319914664744938e-257
25,2,0.0,-0.602004218449218,1.0
25,3,0.2321622112058103,3.944811292714478,0.0
25,4,0.0,-0.1817456835549446,0.9999999938818375
25,5,0.0,-0.2657916658267689,0.9999999999999999
25,6,0.0,-0.42465972164940197,1.0
25,7,0.0,-0.5854260841439811,1.0
25,8,0.0063085409575561625,-0.8021464589499996,1.0
25,9,0.0,-0.17577718489038918,0.9999999822807113
25,10,0.04145724366555543,0.6405919249567195,5.998328522453935e-77
25,11,0.024459113122960497,0.0338003535693303,0.14281567657315647
25,12,0.0,-0.3692493220516665,1.0
25,13,0.06315366377179395,1.4406285828579484,3.010228411299077e-246
25,14,0.007246377427103832,-0.41636037617473065,1.0
25,15,0.0,-0.24438625126519817,0.9999999999999863
25,16,0.03077467853786284,1.0266211832535024,1.278623842465772e-158
25,17,0.0,-0.16012815380508713,0.9999997520704664
25,18,0.0,-0.705635564362053,1.0
25,19,0.030873083542322752,0.13984996603123984,5.4690234115974165e-06
26,0,0.0,-0.22356002529675784,0.9999999999985065
26,1,0.06124865204705255,0.31642611955314653,8.257426401666253e-23
26,2,0.07497158845656418,2.610898942001377,0.0
26,3,0.07601190676672753,3.803476987809517,0.0
26,4,0.024791657979819973,0.16912812408454278,5.582756292490248e-08
26,5,0.02395896648436391,0.03510611602245028,0.13371973483378344
26,6,0.03217359364526286,1.6697197741601493,1.7934812894735114e-291
26,7,0.01774124379375212,-0.09815348885024662,0.9990130332361842
26,8,0.045694586380820836,0.6866095792710016,3.638563522266461e-86
26,9,0.0,-0.39702988695967445,1.0
26,10,0.011981310490817168,-0.5849030934613548,1.0
26,11,0.03804262891129169,1.2118490686932348,1.5356081287780887e-198
26,12,0.0,-0.48315666179681405,1.0
26,13,0.09522358269795407,1.7411660298350824,5.291946972437299e-305
26,14,0.03303902102650041,1.914921332694099,0.0
26,15,0.0,-0.40561945956367673,1.0
26,16,0.0,-0.672249055263036,1.0
26,17,0.0,-0.6059945285869106,1.0
26,18,0.0,-0.3102055760397692,1.0
26,19,0.013081583992630676,-0.15669827054199198,0.9999995706307653
27,0,0.0,-0.5912129112945378,1.0
27,1,0.0473524550301365,1.4302662765363685,3.874771974273079e-244
27,2,0.0,-0.5192207732926363,1.0
27,3,0.00990266412606983,-1.2168918651379363,1.0
27,4,0.04976115052926163,2.3524157983560796,0.0
27,5,0.05866280739931119,2.1525053279289597,0.0
27,6,0.023310975987326718,0.008480883482162443,0.39435617712991644
27,7,0.02619319688369581,0.3905262161303548,5.568341024059875e-33
27,8,0.018933891041690933,-0.367355282847442,1.0
27,9,0.0,-0.3723999395284766,1.0
27,10,0.021379737643006342,-0.6064327392518054,1.0
27,11,0.05125194388405327,1.7261750834375984,3.4636771463546e-302
27,12,0.09320275976542186,2.6289017334880462,0.0
27,13,0.016234522714812242,-0.17648550390558387,0.9999999843558671
27,14,0.004404672604284771,-0.6878350733340477,1.0
27,15,0.0,-0.8209487262491193,1.0
27,16,0.0,-0.43766205562842975,1.0
27,17,0.03950920080233747,0.45213505422972067,1.3625522823885072e-42
27,18,0.027266317245609906,0.14167893436512508,4.200592761629302e-06
27,19,0.06528671736613062,1.7915070822370265,0.0
28,0,0.05767740424302296,1.0359778516748837,1.191428789543571e-160
28,1,0.0,-0.2403061943172689,0.9999999999999648
28,2,0.02726625567112588,0.4648797231675315,1.0707141713915042e-44
28,3,0.007463767281510906,-0.5747567878518646,1.0
28,4,0.051928527889618575,2.1885816486552834,0.0
28,5,0.008813981069461059,-0.5695374730388468,1.0
28,6,0.0,-0.8187753116380707,1.0
28,7,0.0,-0.3628261806871421,1.0
28,8,0.0,-0.6676895112715254,1.0
28,9,0.0,-0.4027583613616254,1.0
28,10,0.030093093220615465,0.7205173565848592,4.212017214565963e-93
28,11,0.04302732426743454,1.4880813264914945,7.696230143526336e-256
28,12,0.027058537287571478,0.17273879408196918,3.0082011603423034e-08
28,13,0.0,-0.23533019188021148,0.9999999999998902
28,14,0.0,-0.1851287722635518,0.999999996697764
28,15,0.03103466454579077,0.1934247968221916,6.977077417978874e-10
28,16,0.0210134198125462,-0.13613864890052393,0.9999907439145551
28,17,0.07851759155738974,1.3671972159270793,3.468753199889994e-231
28,18,0.02660999147602988,1.4716029809749938,1.6010893215432443e-252
28,19,0.0072457522287538885,-0.4546812389762392,1.0
29,0,0.0,-0.46273247492569447,1.0
29,2,0.032834875065560036,0.34199564584062536,3.9119523148744433e-26
29,3,0.03239319103590018,0.8188358080619539,9.723239900473478e-114
29,4,0.034063920948259656,1.0271895961160176,9.624182254370364e-159
29,5,0.023744415958156927,-0.028249382533975825,0.8139310009828755
29,6,0.0,-0.33182087369598945,1.0
29,7,0.0,-0.7235413403169668,1.0
29,8,0.05894725225057327,0.9321820054542187,4.001613484903536e-138
29,9,0.03636560513704579,1.2427937868314272,4.051483954112136e-205
29,10,0.02407512523803698,-0.05174116782391862,0.9488579007714428
29,11,0.024674759581055934,0.12897202486487894,2.468401282528481e-05
29,12,0.0,-0.7692098371542797,1.0
29,13,0.0,-0.47873337887153455,1.0
29,15,0.0,-0.20892030730447106,0.999999999967401
29,16,0.0,-0.516519533430221,1.0
29,17,0.045393704222009966,1.5079905461082066,7.867225903912509e-260
29,18,0.0,-1.6617563257365724,1.0
29,19,0.027237906238161406,0.28965201575337307,1.495681123929787e-19
30,0,0.0,-0.7360130666977086,1.0
30,1,0.0,-0.32194954683061117,1.0
30,2,0.026319463967128337,0.09008981311057467,0.0022485994541272566
30,3,0.01969121994800397,-0.18503635082492695,0.9999999966412142
30,5,0.0,-0.34501673474769495,1.0
30,6,0.018517606934231576,-0.44566361296028173,1.0
30,7,0.023922587237906454,-0.002161104660271449,0.5272221222710307
30,8,0.0,-0.533654976768599,1.0
30,9,0.0,-0.4708015455871163,1.0
30,10,0.031789536144614265,0.45422683527657365,6.187336655925226e-43
30,11,0.03736667581502078,0.8088527873281077,1.292578980860338e-111
30,12,0.04583470621104637,1.9494356598543112,0.0
30,13,0.0,-0.3701285794873081,1.0
30,14,0.029864287961017977,0.7466905757390756,1.5812105678614635e-98
30,15,0.026405413124730732,0.6592937332103328,1.153343317431612e-80
30,16,0.045947680213495046,1.3567581077568172,5.034533023548058e-229
30,17,0.03868703313772196,2.573648230116895,0.0
30,18,0.0,-0.19278413930989785,0.9999999992116138
30,19,0.025671824466698506,0.23293114948689791,1.887333258121211e-13
31,0,0.02648216518601864,0.07238734972750671,0.011174487129763945
31,1,0.02626070645304275,0.08730072787865109,0.0029491138917957563
31,2,0.07848193959734608,2.830444817095082,0.0
31,3,0.023621012810270525,-0.19590920655562621,0.9999999995670621
31,4,0.0,-0.5092034678895746,1.0
31,5,0.024708143538633254,0.14485995717058667,2.635590304541651e-06
31,6,0.01184768117100538,-0.9101013098115766,1.0
31,8,0.028517323059055324,0.48433941002594927,5.560585459654958e-48
31,9,0.03431163267457725,0.8634042416600318,2.8205199303705862e-123
31,10,0.0,-0.731843380563102,1.0
31,12,0.05477468079678294,1.766791078222534,8.67823073353757e-310
31,13,0.028209908578765,1.8310810967558824,0.0
31,14,0.028899610759058055,0.6121196224275485,2.2324509999128056e-71
31,15,0.021455626288172793,-0.1704256211554881,0.9999999552363578
31,16,0.037830247433485516,1.4488393893823308,6.467624211502664e-248
31,17,0.0,-0.7558947852210637,1.0
31,18,0.018820002401648262,-0.4182985384519444,1.0
31,19,0.0,-0.5864663711879956,1.0
32,0,0.0,-0.5523377846113412,1.0
32,1,0.019270211196445924,-0.4097837182465043,1.0
32,2,0.0,-0.35307235067592874,1.0
32,3,0.0,-0.4917739166351583,1.0
32,4,0.08257375538518533,1.6447924024551062,1.095023074045631e-286
32,6,0.0,-0.42911518459375314,1.0
32,7,0.09467924822107979,2.161564464983889,0.0
32,9,0.04209546224662114,2.0562420704625377,0.0
32,10,0.012323667210174043,-0.5188688878947815,1.0
32,11,0.0,-0.5463414942963283,1.0
32,12,0.0,-1.5308591852517737,1.0
32,13,0.0,-1.2005850249709507,1.0
32,14,0.0,-0.7325319891972584,1.0
32,15,0.009842650757851625,-1.2671055934502744,1.0
32,16,0.0,-0.21727745869493564,0.9999999999942654
32,17,0.07873643420412144,2.013473835651739,0.0
32,18,0.0,-0.6297474901370017,1.0
32,19,0.0,-0.4872586223238026,1.0
